Size,Method,File,LoadMs,EncryptMs,SumMs,DecryptMs,TotalMs,CPUTimeNs,CPUPercent,HeapBefore,HeapAfter,NumVotes,ThroughputVps,LatencyMsPerVote,CipherSizeBytes,Success,Error
500,Paillier,benchmarks_data\500\500_16.txt,2.890,943.978,36.112,2.783,987.271,14015625000,92.796,1404456,3465296,500,506.447,1.974542,256,true,
500,Paillier,benchmarks_data\500\500_08.txt,15.542,894.907,222.803,2.702,1137.749,13250000000,92.538,1377816,3147192,500,439.464,2.275499,256,true,
500,Paillier,benchmarks_data\500\500_23.txt,17.917,1165.657,32.752,2.782,1228.828,17296875000,92.742,1500416,2750512,500,406.892,2.457656,256,true,
500,Paillier,benchmarks_data\500\500_22.txt,11.987,1190.432,141.436,3.414,1356.252,17859375000,93.765,1486296,3453320,500,368.663,2.712504,256,true,
500,Paillier,benchmarks_data\500\500_04.txt,12.864,782.221,342.836,2.796,1159.289,11718750000,93.634,1489360,3122168,500,431.299,2.318578,256,true,
500,Paillier,benchmarks_data\500\500_18.txt,17.812,1340.209,115.062,2.647,1484.772,20078125000,93.633,1584368,2798912,500,336.752,2.969544,256,true,
500,Paillier,benchmarks_data\500\500_25.txt,31.096,1443.131,90.944,2.731,1587.385,21546875000,93.317,1216784,2530344,500,314.983,3.174770,256,true,
500,Paillier,benchmarks_data\500\500_17.txt,27.249,1656.244,38.497,2.826,1743.877,23328125000,88.031,1213944,2096336,500,286.718,3.487753,256,true,
500,Paillier,benchmarks_data\500\500_13.txt,8.746,1721.103,69.468,2.742,1804.305,24046875000,87.324,1385912,5677608,500,277.115,3.608609,256,true,
500,Paillier,benchmarks_data\500\500_07.txt,15.584,1688.791,214.793,7.285,1949.742,23734375000,87.838,1229976,2523144,500,256.444,3.899484,256,true,
500,Paillier,benchmarks_data\500\500_24.txt,23.324,1687.144,240.101,2.537,1971.113,23734375000,87.924,1213944,2472168,500,253.664,3.942226,256,true,
500,Paillier,benchmarks_data\500\500_14.txt,17.892,1718.046,471.901,3.173,2220.391,24109375000,87.706,1710400,3144656,500,225.186,4.440782,256,true,
500,Paillier,benchmarks_data\500\500_20.txt,12.591,1698.273,219.534,2.872,1951.839,23984375000,88.267,1439968,2482760,500,256.169,3.903677,256,true,
500,Paillier,benchmarks_data\500\500_15.txt,27.311,1689.647,481.938,83.559,2301.189,23734375000,87.793,1295680,2947856,500,217.279,4.602379,256,true,
500,Paillier,benchmarks_data\500\500_11.txt,27.229,1557.654,613.378,250.908,2468.904,23218750000,93.164,1434568,2754000,500,202.519,4.937808,256,true,
500,Paillier,benchmarks_data\500\500_03.txt,1.700,799.282,40.807,2.879,858.131,9921875000,77.584,2237416,2070176,500,582.661,1.716262,256,true,
500,Paillier,benchmarks_data\500\500_02.txt,0.808,891.823,52.198,1.424,947.387,10625000000,74.461,2158392,1762064,500,527.768,1.894773,256,true,
500,Paillier,benchmarks_data\500\500_05.txt,7.314,883.444,30.180,5.071,927.303,10937500000,77.378,2144264,1589064,500,539.198,1.854606,256,true,
500,Paillier,benchmarks_data\500\500_10.txt,6.952,877.965,35.966,11.018,932.988,10828125000,77.083,2157856,1610488,500,535.913,1.865975,256,true,
500,Paillier,benchmarks_data\500\500_09.txt,1.123,850.859,83.921,16.048,952.929,10359375000,76.095,2119416,1892808,500,524.698,1.905859,256,true,
500,Paillier,benchmarks_data\500\500_01.txt,1.115,902.478,60.092,2.838,967.393,10953125000,75.855,2119720,1992512,500,516.853,1.934786,256,true,
500,Paillier,benchmarks_data\500\500_06.txt,0.985,930.692,92.660,2.596,1027.745,10890625000,73.135,2259624,1940712,500,486.502,2.055490,256,true,
500,Paillier,benchmarks_data\500\500_21.txt,0.843,362.015,27.687,1.327,393.296,4718750000,81.467,1527168,1664544,500,1271.306,0.786592,256,true,
500,Paillier,benchmarks_data\500\500_12.txt,1.318,364.040,38.980,1.187,407.021,4718750000,81.014,1527168,1517680,500,1228.438,0.814042,256,true,
500,Paillier,benchmarks_data\500\500_19.txt,1.112,342.790,73.333,1.187,419.859,4484375000,81.763,1580616,1457016,500,1190.875,0.839719,256,true,
500,ElGamal,benchmarks_data\500\500_16.txt,3.514,96.870,14.336,0.184,116.994,109375000,7.057,1555448,2588032,500,4273.716,0.233988,8,true,
500,ElGamal,benchmarks_data\500\500_05.txt,30.241,65.964,22.066,0.044,130.460,78125000,7.402,1844224,1956272,500,3832.584,0.260921,8,true,
500,ElGamal,benchmarks_data\500\500_25.txt,32.372,57.713,15.928,0.044,134.770,46875000,5.076,1812496,2008896,500,3710.013,0.269541,8,true,
500,ElGamal,benchmarks_data\500\500_01.txt,17.557,99.380,25.160,0.028,146.033,93750000,5.896,1710520,1906808,500,3423.879,0.292066,8,true,
500,ElGamal,benchmarks_data\500\500_10.txt,19.937,97.596,21.573,0.102,151.081,234375000,15.009,1812496,1888912,500,3309.474,0.302163,8,true,
500,ElGamal,benchmarks_data\500\500_04.txt,17.217,100.564,23.948,0.044,145.766,93750000,5.827,1859880,1906808,500,3430.153,0.291532,8,true,
500,ElGamal,benchmarks_data\500\500_03.txt,26.401,82.608,38.563,0.065,159.853,78125000,5.911,2217528,1792744,500,3127.872,0.319706,8,true,
500,ElGamal,benchmarks_data\500\500_11.txt,30.607,78.643,38.211,0.048,159.452,78125000,6.209,1855200,1787776,500,3135.750,0.318903,8,true,
500,ElGamal,benchmarks_data\500\500_20.txt,26.884,93.982,20.658,0.021,170.504,234375000,15.586,2101928,1779176,500,2932.479,0.341008,8,true,
500,ElGamal,benchmarks_data\500\500_02.txt,31.146,102.064,27.661,0.054,172.538,250000000,15.309,2021592,1806936,500,2897.917,0.345075,8,true,
500,ElGamal,benchmarks_data\500\500_08.txt,11.858,146.467,23.905,0.055,184.450,312500000,13.335,1710520,1643128,500,2710.765,0.368900,8,true,
500,ElGamal,benchmarks_data\500\500_14.txt,32.535,119.128,16.145,0.044,197.068,250000000,13.116,2168072,1535080,500,2537.197,0.394136,8,true,
500,ElGamal,benchmarks_data\500\500_18.txt,1.041,66.425,14.787,0.051,83.073,62500000,5.881,2117400,1683720,500,6018.824,0.166145,8,true,
500,ElGamal,benchmarks_data\500\500_06.txt,25.972,144.846,32.637,0.052,215.425,281250000,12.136,1892728,1696000,500,2320.993,0.430850,8,true,
500,ElGamal,benchmarks_data\500\500_12.txt,38.061,121.161,25.659,0.076,214.524,265625000,13.702,2130336,1709928,500,2330.746,0.429047,8,true,
500,ElGamal,benchmarks_data\500\500_23.txt,26.043,152.279,32.831,0.057,222.416,296875000,12.185,1891352,1778488,500,2248.041,0.444832,8,true,
500,ElGamal,benchmarks_data\500\500_15.txt,25.397,64.154,12.169,0.059,102.995,62500000,6.089,1629840,1911320,500,4854.609,0.205990,8,true,
500,ElGamal,benchmarks_data\500\500_07.txt,24.580,62.712,18.632,0.073,107.827,62500000,6.229,1589928,1687400,500,4637.079,0.215653,8,true,
500,ElGamal,benchmarks_data\500\500_09.txt,14.525,62.960,17.204,0.054,112.764,62500000,6.204,1584296,1522712,500,4434.047,0.225528,8,true,
500,ElGamal,benchmarks_data\500\500_24.txt,18.256,80.381,14.013,0.041,120.908,187500000,14.579,1656344,1467240,500,4135.393,0.241815,8,true,
500,ElGamal,benchmarks_data\500\500_13.txt,52.238,28.792,21.331,0.044,127.284,140625000,30.526,1717056,1487248,500,3928.236,0.254567,8,true,
500,ElGamal,benchmarks_data\500\500_19.txt,8.381,86.458,21.965,0.054,134.535,265625000,19.202,1652896,1469152,500,3716.508,0.269070,8,true,
500,ElGamal,benchmarks_data\500\500_22.txt,33.396,53.654,28.714,0.037,140.417,156250000,18.201,1726176,1519560,500,3560.830,0.280833,8,true,
500,ElGamal,benchmarks_data\500\500_17.txt,33.360,53.430,28.931,0.018,141.368,156250000,18.277,1745648,1492288,500,3536.871,0.282736,8,true,
500,ElGamal,benchmarks_data\500\500_21.txt,46.286,46.603,34.156,0.057,151.600,281250000,37.719,1792272,1466200,500,3298.151,0.303200,8,true,
5000,Paillier,benchmarks_data\5K\5K_21.txt,56.834,19072.929,745.791,4.538,19890.231,292390625000,95.813,1913616,5547360,5000,251.380,3.978046,256,true,
5000,Paillier,benchmarks_data\5K\5K_22.txt,37.811,19263.552,582.181,4.917,19904.658,295109375000,95.747,2036864,4272352,5000,251.197,3.980932,257,true,
5000,Paillier,benchmarks_data\5K\5K_02.txt,71.539,19379.405,499.487,9.906,19976.092,297546875000,95.961,2093176,2495160,5000,250.299,3.995218,256,true,
5000,Paillier,benchmarks_data\5K\5K_19.txt,38.755,19568.986,366.419,19.183,19996.923,299750000000,95.735,1993920,2574912,5000,250.038,3.999385,256,true,
5000,Paillier,benchmarks_data\5K\5K_10.txt,55.877,19413.238,543.991,5.523,20034.485,297812500000,95.879,1890648,2895456,5000,249.570,4.006897,256,true,
5000,Paillier,benchmarks_data\5K\5K_16.txt,3.366,19792.036,652.129,4.645,20453.171,302828125000,95.628,1659240,2591416,5000,244.461,4.090634,256,true,
5000,Paillier,benchmarks_data\5K\5K_07.txt,43.228,19914.108,611.153,3.980,20588.730,304062500000,95.429,1966464,2438456,5000,242.851,4.117746,256,true,
5000,Paillier,benchmarks_data\5K\5K_08.txt,10.986,19836.377,772.118,3.773,20624.643,303312500000,95.567,1668480,2440048,5000,242.428,4.124929,256,true,
5000,Paillier,benchmarks_data\5K\5K_04.txt,134.576,19727.369,810.550,4.147,20692.032,302343750000,95.788,1890504,2564200,5000,241.639,4.138406,256,true,
5000,Paillier,benchmarks_data\5K\5K_20.txt,28.392,19882.945,814.255,3.828,20739.191,303812500000,95.500,3022672,2532104,5000,241.089,4.147838,256,true,
5000,Paillier,benchmarks_data\5K\5K_14.txt,51.542,19973.850,747.883,4.302,20786.695,304703125000,95.344,1939232,2607288,5000,240.538,4.157339,256,true,
5000,Paillier,benchmarks_data\5K\5K_06.txt,71.846,19839.306,1038.061,3.830,20968.062,303750000000,95.691,2617112,2886080,5000,238.458,4.193612,256,true,
5000,Paillier,benchmarks_data\5K\5K_23.txt,17.451,20283.787,801.909,81.524,21187.281,308031250000,94.913,2039920,2906048,5000,235.991,4.237456,256,true,
5000,Paillier,benchmarks_data\5K\5K_11.txt,66.501,19943.476,1075.000,3.785,21104.693,304500000000,95.426,1889056,2878688,5000,236.914,4.220939,256,true,
5000,Paillier,benchmarks_data\5K\5K_25.txt,31.814,19918.528,1112.221,81.122,21160.092,304078125000,95.413,2025504,2983248,5000,236.294,4.232018,256,true,
5000,Paillier,benchmarks_data\5K\5K_03.txt,14.917,10777.154,1088.919,4.103,11887.010,159625000000,92.571,2604408,12386152,5000,420.627,2.377402,256,true,
5000,Paillier,benchmarks_data\5K\5K_18.txt,7.535,11674.229,1391.379,4.103,13079.355,172250000000,92.217,3928200,12211432,5000,382.282,2.615871,256,true,
5000,Paillier,benchmarks_data\5K\5K_09.txt,3.258,11818.634,1315.158,8.963,13148.562,174875000000,92.478,2476448,12029472,5000,380.270,2.629712,256,true,
5000,Paillier,benchmarks_data\5K\5K_05.txt,4.120,12825.572,403.590,3.933,13238.144,191218750000,93.182,2563840,4871616,5000,377.696,2.647629,256,true,
5000,Paillier,benchmarks_data\5K\5K_12.txt,3.704,12651.043,366.936,3.159,13051.906,189796875000,93.765,2963328,3474936,5000,383.086,2.610381,256,true,
5000,Paillier,benchmarks_data\5K\5K_13.txt,3.720,12054.252,217.889,2.752,12279.869,180468750000,93.571,4901728,2429528,5000,407.170,2.455974,256,true,
5000,Paillier,benchmarks_data\5K\5K_24.txt,99.057,11577.840,224.241,8.685,11911.127,174109375000,93.988,5150072,1837152,5000,419.776,2.382225,256,true,
5000,Paillier,benchmarks_data\5K\5K_15.txt,32.792,12087.187,216.690,1.928,12339.683,180984375000,93.583,4797272,2296152,5000,405.197,2.467937,256,true,
5000,Paillier,benchmarks_data\5K\5K_01.txt,3.399,11749.565,219.276,1.951,11975.359,176281250000,93.770,4740584,1606496,5000,417.524,2.395072,256,true,
5000,Paillier,benchmarks_data\5K\5K_17.txt,2.581,11713.449,164.097,1.651,11882.782,174750000000,93.242,5156720,1476544,5000,420.777,2.376556,256,true,
5000,ElGamal,benchmarks_data\5K\5K_16.txt,3.088,183.627,21.404,0.131,209.108,921875000,31.377,2190832,7614640,5000,23911.043,0.041822,8,true,
5000,ElGamal,benchmarks_data\5K\5K_09.txt,35.658,210.070,21.812,0.058,287.289,1406250000,41.839,2149088,5533312,5000,17404.108,0.057458,8,true,
5000,ElGamal,benchmarks_data\5K\5K_18.txt,27.170,239.148,48.559,0.053,325.229,1468750000,38.385,2059352,5853712,5000,15373.783,0.065046,8,true,
5000,ElGamal,benchmarks_data\5K\5K_08.txt,13.014,268.872,69.587,0.055,352.869,1500000000,34.868,1993832,5990352,5000,14169.584,0.070574,8,true,
5000,ElGamal,benchmarks_data\5K\5K_04.txt,11.888,261.063,67.968,0.059,352.479,1484375000,35.537,1763784,5948048,5000,14185.258,0.070496,8,true,
5000,ElGamal,benchmarks_data\5K\5K_23.txt,19.769,256.740,99.674,0.048,387.071,1640625000,39.939,2023864,6190720,5000,12917.543,0.077414,8,true,
5000,ElGamal,benchmarks_data\5K\5K_17.txt,27.961,250.108,102.764,0.048,401.534,1625000000,40.608,2108088,6130376,5000,12452.236,0.080307,8,true,
5000,ElGamal,benchmarks_data\5K\5K_05.txt,57.333,441.962,23.650,0.056,542.337,2218750000,31.376,2270008,3648040,5000,9219.365,0.108467,7,true,
5000,ElGamal,benchmarks_data\5K\5K_13.txt,48.264,450.606,30.080,0.057,548.270,2281250000,31.641,1911656,3658504,5000,9119.599,0.109654,8,true,
5000,ElGamal,benchmarks_data\5K\5K_20.txt,69.334,442.166,47.025,0.047,577.435,2453125000,34.675,1826488,3677760,5000,8658.985,0.115487,8,true,
5000,ElGamal,benchmarks_data\5K\5K_06.txt,50.108,461.899,67.733,0.049,600.637,2281250000,30.868,2059032,3662032,5000,8324.491,0.120127,8,true,
5000,ElGamal,benchmarks_data\5K\5K_02.txt,57.141,462.861,78.909,0.058,620.011,2484375000,33.546,1882696,4684816,5000,8064.373,0.124002,8,true,
5000,ElGamal,benchmarks_data\5K\5K_14.txt,63.932,455.200,86.911,0.087,626.099,2468750000,33.897,1786488,3902184,5000,7985.952,0.125220,8,true,
5000,ElGamal,benchmarks_data\5K\5K_07.txt,42.779,490.655,83.760,0.060,637.827,2656250000,33.835,2016544,3805032,5000,7839.117,0.127565,8,true,
5000,ElGamal,benchmarks_data\5K\5K_11.txt,48.546,476.940,97.133,0.053,642.419,2640625000,34.604,2101248,3861512,5000,7783.085,0.128484,8,true,
5000,ElGamal,benchmarks_data\5K\5K_01.txt,3.662,521.026,25.183,0.085,550.966,1875000000,22.492,7759152,5534848,5000,9074.972,0.110193,8,true,
5000,ElGamal,benchmarks_data\5K\5K_19.txt,5.200,492.809,32.617,0.060,531.718,1781250000,22.591,5990272,3179464,5000,9403.477,0.106344,8,true,
5000,ElGamal,benchmarks_data\5K\5K_15.txt,64.260,395.353,37.171,0.068,497.764,1812500000,28.653,6138624,1961064,5000,10044.931,0.099553,8,true,
5000,ElGamal,benchmarks_data\5K\5K_21.txt,19.348,359.565,42.322,0.056,422.427,1781250000,30.962,6450312,1759992,5000,11836.359,0.084485,8,true,
5000,ElGamal,benchmarks_data\5K\5K_22.txt,17.653,341.025,45.095,0.055,421.305,1765625000,32.359,6482808,1759992,5000,11867.878,0.084261,8,true,
5000,ElGamal,benchmarks_data\5K\5K_12.txt,31.714,336.765,44.572,0.056,430.862,1765625000,32.768,6443752,1521496,5000,11604.633,0.086172,8,true,
5000,ElGamal,benchmarks_data\5K\5K_10.txt,2.754,388.195,51.557,0.051,458.298,1812500000,29.182,6333424,1501768,5000,10909.939,0.091660,8,true,
5000,ElGamal,benchmarks_data\5K\5K_03.txt,17.719,274.755,37.707,0.043,331.257,1140625000,25.946,3664504,1485928,5000,15094.012,0.066251,8,true,
5000,ElGamal,benchmarks_data\5K\5K_25.txt,24.304,186.989,41.224,0.022,286.244,1203125000,40.214,3956768,1482576,5000,17467.621,0.057249,8,true,
5000,ElGamal,benchmarks_data\5K\5K_24.txt,23.022,163.984,41.748,0.057,267.635,1156250000,44.069,3977648,1482576,5000,18682.188,0.053527,8,true,
50000,Paillier,benchmarks_data\50K\50K_11.txt,85.624,200711.821,2074.282,4.298,202885.236,3089250000000,96.197,2003344,11898480,50000,246.445,4.057705,256,true,
50000,Paillier,benchmarks_data\50K\50K_19.txt,111.917,200587.450,2208.943,6.303,202923.448,3087921875000,96.215,1768744,2195488,50000,246.398,4.058469,256,true,
50000,Paillier,benchmarks_data\50K\50K_08.txt,57.474,201064.026,2766.932,4.119,203893.604,3093562500000,96.162,2760640,3752464,50000,245.226,4.077872,256,true,
50000,Paillier,benchmarks_data\50K\50K_07.txt,101.659,201125.981,2714.404,3.929,203953.811,3095093750000,96.180,1877384,2698480,50000,245.154,4.079076,256,true,
50000,Paillier,benchmarks_data\50K\50K_23.txt,97.674,201020.782,3021.969,72.572,204219.362,3093500000000,96.181,1985328,3569112,50000,244.835,4.084387,256,true,
50000,Paillier,benchmarks_data\50K\50K_17.txt,133.829,201239.994,3055.497,4.177,204442.353,3097015625000,96.185,1634048,3024024,50000,244.568,4.088847,256,true,
50000,Paillier,benchmarks_data\50K\50K_04.txt,129.529,201011.614,3403.813,3.904,204557.013,3093843750000,96.196,1692408,3158288,50000,244.431,4.091140,256,true,
50000,Paillier,benchmarks_data\50K\50K_16.txt,51.394,201250.099,3336.385,3.976,204643.057,3096078125000,96.151,3374480,3341064,50000,244.328,4.092861,256,true,
50000,Paillier,benchmarks_data\50K\50K_14.txt,147.419,201089.973,3540.683,4.109,204787.840,3095125000000,96.198,1584920,3874792,50000,244.155,4.095757,256,true,
50000,Paillier,benchmarks_data\50K\50K_20.txt,155.692,201221.303,3438.388,3.775,204827.560,3097000000000,96.194,1556736,3300904,50000,244.108,4.096551,257,true,
50000,Paillier,benchmarks_data\50K\50K_13.txt,69.133,201271.574,3498.250,7.480,204854.393,3096734375000,96.162,3295144,3475008,50000,244.076,4.097088,256,true,
50000,Paillier,benchmarks_data\50K\50K_18.txt,104.382,201463.588,3545.947,5.978,205129.428,3099843750000,96.166,1839016,3519872,50000,243.749,4.102589,256,true,
50000,Paillier,benchmarks_data\50K\50K_25.txt,119.945,201413.170,3605.650,24.061,205171.750,3099171875000,96.170,1739432,3462896,50000,243.698,4.103435,256,true,
50000,Paillier,benchmarks_data\50K\50K_15.txt,72.912,201441.547,3632.527,3.911,205159.298,3099000000000,96.151,2206640,3545912,50000,243.713,4.103186,257,true,
50000,Paillier,benchmarks_data\50K\50K_02.txt,81.677,201763.765,4298.719,3.907,206155.693,3103531250000,96.138,2096104,4818440,50000,242.535,4.123114,256,true,
50000,Paillier,benchmarks_data\50K\50K_12.txt,43.940,134571.246,1726.745,3.924,136347.798,2063031250000,95.815,1913816,8088256,50000,366.709,2.726956,256,true,
50000,Paillier,benchmarks_data\50K\50K_21.txt,69.654,134732.282,1674.081,3.772,136481.504,2064421875000,95.765,2309192,2356152,50000,366.350,2.729630,256,true,
50000,Paillier,benchmarks_data\50K\50K_05.txt,101.777,133262.543,1706.688,3.716,135076.539,2043156250000,95.824,3102464,2013736,50000,370.161,2.701531,256,true,
50000,Paillier,benchmarks_data\50K\50K_09.txt,362.475,133398.128,1782.277,3.735,135549.816,2045218750000,95.823,2816672,1909128,50000,368.868,2.710996,256,true,
50000,Paillier,benchmarks_data\50K\50K_10.txt,23.140,133281.073,1713.435,1.835,135020.523,2043281250000,95.816,3125512,2408368,50000,370.314,2.700410,256,true,
50000,Paillier,benchmarks_data\50K\50K_24.txt,99.840,133285.018,1760.580,2.797,135149.809,2043406250000,95.819,3114264,2094888,50000,369.960,2.702996,256,true,
50000,Paillier,benchmarks_data\50K\50K_22.txt,202.970,133522.705,1731.285,1.804,135461.177,2045640625000,95.753,3233040,1692296,50000,369.109,2.709224,256,true,
50000,Paillier,benchmarks_data\50K\50K_06.txt,170.496,133905.754,1707.908,1.674,135787.259,2050546875000,95.708,2816736,2313752,50000,368.223,2.715745,256,true,
50000,Paillier,benchmarks_data\50K\50K_01.txt,54.930,133132.434,1686.999,1.648,134877.408,2040546875000,95.795,3518936,1524752,50000,370.707,2.697548,256,true,
50000,Paillier,benchmarks_data\50K\50K_03.txt,217.083,132555.595,1695.027,1.665,134470.939,2032796875000,95.846,4824280,1552056,50000,371.828,2.689419,256,true,
50000,ElGamal,benchmarks_data\50K\50K_16.txt,44.328,1950.143,107.595,0.133,2103.826,17265625000,55.334,2889448,62852888,50000,23766.229,0.042077,8,true,
50000,ElGamal,benchmarks_data\50K\50K_20.txt,104.226,1924.597,125.068,0.065,2159.288,17546875000,56.982,1716192,60268624,50000,23155.778,0.043186,8,true,
50000,ElGamal,benchmarks_data\50K\50K_24.txt,100.419,1935.458,205.507,0.050,2249.541,17750000000,57.318,1716192,60768176,50000,22226.756,0.044991,8,true,
50000,ElGamal,benchmarks_data\50K\50K_22.txt,100.840,1975.536,275.319,0.053,2359.642,18078125000,57.194,1716136,57588056,50000,21189.652,0.047193,8,true,
50000,ElGamal,benchmarks_data\50K\50K_23.txt,118.700,2071.581,314.749,0.060,2511.460,18968750000,57.229,1634368,33284064,50000,19908.739,0.050229,8,true,
50000,ElGamal,benchmarks_data\50K\50K_08.txt,63.916,2409.350,207.024,0.056,2683.485,20375000000,52.854,2368728,4701880,50000,18632.485,0.053670,8,true,
50000,ElGamal,benchmarks_data\50K\50K_11.txt,114.199,2345.771,254.560,0.046,2724.091,20312500000,54.120,1619264,4646256,50000,18354.749,0.054482,8,true,
50000,ElGamal,benchmarks_data\50K\50K_13.txt,126.623,2374.634,232.161,0.056,2741.746,20734375000,54.573,1573752,4035856,50000,18236.556,0.054835,8,true,
50000,ElGamal,benchmarks_data\50K\50K_25.txt,130.892,2421.917,224.318,0.056,2786.263,20859375000,53.830,1676648,4126936,50000,17945.186,0.055725,8,true,
50000,ElGamal,benchmarks_data\50K\50K_02.txt,84.753,2523.153,270.954,0.050,2886.951,21515625000,53.295,2005816,5837848,50000,17319.313,0.057739,8,true,
50000,ElGamal,benchmarks_data\50K\50K_18.txt,89.065,2518.225,278.817,0.041,2894.501,21515625000,53.400,1940512,4866704,50000,17274.132,0.057890,8,true,
50000,ElGamal,benchmarks_data\50K\50K_15.txt,93.364,2593.238,271.277,0.047,2966.703,22125000000,53.324,2796968,5982368,50000,16853.724,0.059334,8,true,
50000,ElGamal,benchmarks_data\50K\50K_06.txt,76.568,2609.772,287.326,0.038,2982.409,22125000000,52.986,2026384,6036920,50000,16764.974,0.059648,8,true,
50000,ElGamal,benchmarks_data\50K\50K_14.txt,69.694,2613.504,323.206,0.041,3015.757,22062500000,52.761,2462704,6040112,50000,16579.587,0.060315,8,true,
50000,ElGamal,benchmarks_data\50K\50K_04.txt,69.202,2709.099,254.386,0.070,3039.409,22593750000,52.125,2324096,6349008,50000,16450.565,0.060788,8,true,
50000,ElGamal,benchmarks_data\50K\50K_10.txt,62.818,1950.685,117.131,0.064,2132.088,14109375000,45.206,61855784,48141456,50000,23451.185,0.042642,8,true,
50000,ElGamal,benchmarks_data\50K\50K_21.txt,102.533,1943.426,133.761,0.090,2180.767,14671875000,47.184,60761296,11837184,50000,22927.713,0.043615,8,true,
50000,ElGamal,benchmarks_data\50K\50K_01.txt,69.854,1852.715,89.643,0.124,2013.317,14500000000,48.915,36694544,1737792,50000,24834.635,0.040266,8,true,
50000,ElGamal,benchmarks_data\50K\50K_05.txt,108.511,1944.145,108.332,0.064,2162.083,15140625000,48.674,55399104,1759264,50000,23125.850,0.043242,7,true,
50000,ElGamal,benchmarks_data\50K\50K_19.txt,53.143,1717.107,130.843,0.045,1904.004,13453125000,48.967,16653840,1734584,50000,26260.453,0.038080,8,true,
50000,ElGamal,benchmarks_data\50K\50K_09.txt,93.587,1530.465,152.097,0.076,1785.080,12765625000,52.131,4685024,1606376,50000,28009.951,0.035702,7,true,
50000,ElGamal,benchmarks_data\50K\50K_07.txt,105.682,1514.134,178.919,0.045,1799.692,12750000000,52.629,4689560,1580816,50000,27782.538,0.035994,8,true,
50000,ElGamal,benchmarks_data\50K\50K_12.txt,90.522,1562.025,187.216,0.897,1841.591,12953125000,51.828,4995376,1554848,50000,27150.441,0.036832,8,true,
50000,ElGamal,benchmarks_data\50K\50K_03.txt,88.835,1410.526,196.893,0.031,1710.179,12093750000,53.587,5989904,1529248,50000,29236.714,0.034204,8,true,
50000,ElGamal,benchmarks_data\50K\50K_17.txt,116.413,1480.271,197.371,0.028,1796.553,12390625000,52.316,5492392,1504184,50000,27831.079,0.035931,8,true,
500,Paillier,benchmarks_data\500\500_01.txt,0.980,133.315,23.082,1.069,159.585,1750000000,82.043,1389432,1392968,500,3133.134,0.319169,256,true,
500,Paillier,benchmarks_data\500\500_02.txt,0.538,116.798,19.563,1.058,138.488,1421875000,76.087,1401816,1406424,500,3610.429,0.276975,256,true,
500,Paillier,benchmarks_data\500\500_03.txt,0.596,111.449,17.041,1.008,130.693,1484375000,83.243,1403840,1406640,500,3825.760,0.261386,256,true,
500,Paillier,benchmarks_data\500\500_04.txt,0.982,106.249,27.984,1.015,137.133,1187500000,69.854,1404072,1406872,500,3646.109,0.274265,256,true,
500,Paillier,benchmarks_data\500\500_05.txt,0.548,109.629,16.893,1.050,128.668,1453125000,82.843,1404288,1407088,500,3885.961,0.257337,256,true,
500,Paillier,benchmarks_data\500\500_06.txt,0.548,116.600,23.402,1.178,142.292,1437500000,77.053,1404520,1407320,500,3513.899,0.284584,256,true,
500,Paillier,benchmarks_data\500\500_07.txt,0.460,110.510,22.630,1.045,135.176,1390625000,78.648,1404816,1407616,500,3698.887,0.270352,256,true,
500,Paillier,benchmarks_data\500\500_08.txt,0.491,106.080,20.397,1.006,128.434,1359375000,80.091,1405032,1407864,500,3893.053,0.256868,256,true,
500,Paillier,benchmarks_data\500\500_09.txt,0.483,110.971,28.263,1.006,141.213,1203125000,67.761,1405264,1408064,500,3540.763,0.282425,256,true,
500,Paillier,benchmarks_data\500\500_10.txt,0.983,111.775,16.300,1.035,131.022,1421875000,79.505,1405480,1408280,500,3816.156,0.262044,256,true,
500,Paillier,benchmarks_data\500\500_11.txt,0.658,108.293,44.446,1.003,155.017,1437500000,82.964,1405712,1408904,500,3225.449,0.310034,256,true,
500,Paillier,benchmarks_data\500\500_12.txt,0.498,105.905,22.913,1.025,130.860,1390625000,82.068,1406352,1406416,500,3820.874,0.261720,256,true,
500,Paillier,benchmarks_data\500\500_13.txt,0.515,110.253,29.139,1.099,141.551,1468750000,83.260,1406576,1406640,500,3532.306,0.283101,256,true,
500,Paillier,benchmarks_data\500\500_14.txt,0.912,118.201,68.669,1.064,189.703,1437500000,76.009,1406792,1406856,500,2635.705,0.379405,256,true,
500,Paillier,benchmarks_data\500\500_15.txt,0.485,108.541,17.675,1.046,128.228,1500000000,86.373,1407016,1407080,500,3899.304,0.256456,257,true,
500,Paillier,benchmarks_data\500\500_16.txt,0.502,108.876,30.165,1.006,141.117,1484375000,85.210,1407248,1407312,500,3543.164,0.282234,256,true,
500,Paillier,benchmarks_data\500\500_17.txt,0.393,109.964,20.752,1.215,132.804,1484375000,84.367,1407496,1407560,500,3764.941,0.265608,256,true,
500,Paillier,benchmarks_data\500\500_18.txt,0.453,108.726,22.001,1.148,132.856,1484375000,85.328,1407712,1407824,500,3763.468,0.265712,256,true,
500,Paillier,benchmarks_data\500\500_19.txt,0.371,123.161,18.432,1.012,143.446,1359375000,68.984,1407984,1408048,500,3485.627,0.286892,256,true,
500,Paillier,benchmarks_data\500\500_20.txt,0.431,109.862,39.973,1.063,151.850,1421875000,80.890,1408216,1408280,500,3292.727,0.303700,256,true,
500,Paillier,benchmarks_data\500\500_21.txt,0.593,110.764,43.206,1.085,156.213,1421875000,80.231,1408528,1408592,500,3200.758,0.312426,256,true,
500,Paillier,benchmarks_data\500\500_22.txt,0.453,103.859,31.266,1.008,137.057,1375000000,82.744,1408752,1408816,500,3648.115,0.274114,256,true,
500,Paillier,benchmarks_data\500\500_23.txt,0.402,114.739,25.339,1.080,141.987,1406250000,76.600,1408976,1409040,500,3521.462,0.283973,256,true,
500,Paillier,benchmarks_data\500\500_24.txt,0.818,110.187,45.020,1.012,158.149,1468750000,83.310,1409256,1409320,500,3161.573,0.316298,256,true,
500,Paillier,benchmarks_data\500\500_25.txt,0.439,132.507,25.350,1.078,159.892,1265625000,59.696,1409472,1409536,500,3127.121,0.319783,257,true,
500,ElGamal,benchmarks_data\500\500_01.txt,0.513,7.742,20.654,0.118,29.624,15625000,12.614,1409312,1409376,500,16878.036,0.059249,8,true,
500,ElGamal,benchmarks_data\500\500_02.txt,0.368,7.876,18.185,0.040,26.923,0,0.000,1409680,1409744,500,18571.482,0.053846,8,true,
500,ElGamal,benchmarks_data\500\500_03.txt,0.481,8.119,16.484,0.056,25.652,0,0.000,1409864,1409928,500,19491.810,0.051304,8,true,
500,ElGamal,benchmarks_data\500\500_04.txt,0.419,10.217,14.979,0.087,26.196,0,0.000,1410064,1410128,500,19086.592,0.052393,8,true,
500,ElGamal,benchmarks_data\500\500_05.txt,0.565,9.686,14.880,0.035,25.687,0,0.000,1410248,1410312,500,19464.872,0.051375,8,true,
500,ElGamal,benchmarks_data\500\500_06.txt,0.681,10.291,24.426,0.042,36.064,218750000,132.851,1410504,1410568,500,13864.395,0.072127,8,true,
500,ElGamal,benchmarks_data\500\500_07.txt,0.411,10.388,18.558,0.037,29.835,0,0.000,1410696,1410760,500,16758.784,0.059670,8,true,
500,ElGamal,benchmarks_data\500\500_08.txt,0.660,8.304,6.017,0.031,15.555,62500000,47.038,1410896,1410960,500,32144.832,0.031109,8,true,
500,ElGamal,benchmarks_data\500\500_09.txt,0.446,7.575,42.210,0.035,50.734,15625000,12.892,1411080,1411144,500,9855.266,0.101469,8,true,
500,ElGamal,benchmarks_data\500\500_10.txt,0.378,7.452,8.185,0.037,16.484,0,0.000,1411352,1411416,500,30332.628,0.032968,8,true,
500,ElGamal,benchmarks_data\500\500_11.txt,0.436,7.280,21.063,0.041,29.271,31250000,26.827,1411544,1411608,500,17081.812,0.058542,8,true,
500,ElGamal,benchmarks_data\500\500_12.txt,0.387,8.023,18.619,0.030,27.547,0,0.000,1411760,1411824,500,18150.533,0.055095,8,true,
500,ElGamal,benchmarks_data\500\500_13.txt,0.367,7.960,24.345,0.033,33.152,0,0.000,1411944,1412072,500,15082.183,0.066303,8,true,
500,ElGamal,benchmarks_data\500\500_14.txt,0.509,24.933,17.587,0.041,43.606,15625000,3.917,1412200,1412264,500,11466.233,0.087213,8,true,
500,ElGamal,benchmarks_data\500\500_15.txt,0.370,8.907,21.235,0.036,31.033,15625000,10.964,1412400,1412464,500,16112.140,0.062065,8,true,
500,ElGamal,benchmarks_data\500\500_16.txt,0.778,8.421,20.955,0.036,30.906,125000000,92.777,1412584,1412648,500,16178.350,0.061811,8,true,
500,ElGamal,benchmarks_data\500\500_17.txt,0.367,7.311,15.335,0.036,23.525,31250000,26.716,1412808,1412872,500,21253.624,0.047051,8,true,
500,ElGamal,benchmarks_data\500\500_18.txt,0.560,9.459,12.717,0.037,23.465,31250000,20.649,1413048,1413112,500,21308.422,0.046930,8,true,
500,ElGamal,benchmarks_data\500\500_19.txt,0.695,16.362,10.737,0.044,28.538,15625000,5.968,1413240,1413896,500,17520.745,0.057075,8,true,
500,ElGamal,benchmarks_data\500\500_20.txt,0.610,9.340,20.877,0.039,31.370,0,0.000,1414024,1414088,500,15938.947,0.062739,8,true,
500,ElGamal,benchmarks_data\500\500_21.txt,0.681,8.156,22.037,0.041,31.382,109375000,83.815,1414216,1414280,500,15932.903,0.062763,8,true,
500,ElGamal,benchmarks_data\500\500_22.txt,0.747,8.049,22.827,0.056,32.583,31250000,24.265,1414408,1414472,500,15345.661,0.065165,8,true,
500,ElGamal,benchmarks_data\500\500_23.txt,0.697,8.549,23.671,0.044,33.395,0,0.000,1414600,1414664,500,14972.301,0.066790,8,true,
500,ElGamal,benchmarks_data\500\500_24.txt,0.443,9.551,23.999,0.035,34.515,31250000,20.450,1414840,1414904,500,14486.287,0.069031,8,true,
500,ElGamal,benchmarks_data\500\500_25.txt,0.480,7.575,26.663,0.047,35.293,31250000,25.785,1415032,1415096,500,14167.316,0.070585,8,true,
5000,Paillier,benchmarks_data\5K\5K_01.txt,1.533,1077.652,93.846,1.081,1174.616,14484375000,84.004,1419752,1419808,5000,4256.711,0.234923,256,true,
5000,Paillier,benchmarks_data\5K\5K_02.txt,1.300,1078.638,100.272,1.310,1182.048,14656250000,84.923,1420120,1420184,5000,4229.946,0.236410,256,true,
5000,Paillier,benchmarks_data\5K\5K_03.txt,1.314,1084.339,87.311,1.183,1174.634,14671875000,84.567,1420352,1420880,5000,4256.646,0.234927,256,true,
5000,Paillier,benchmarks_data\5K\5K_04.txt,1.193,1138.412,86.374,1.055,1227.477,14812500000,81.322,1421032,1421456,5000,4073.397,0.245495,256,true,
5000,Paillier,benchmarks_data\5K\5K_05.txt,1.143,1104.366,101.949,1.018,1208.932,14562500000,82.414,1421616,1421968,5000,4135.881,0.241786,256,true,
5000,Paillier,benchmarks_data\5K\5K_06.txt,1.078,1172.860,80.920,1.069,1256.362,15609375000,83.180,1422128,1422192,5000,3979.744,0.251272,256,true,
5000,Paillier,benchmarks_data\5K\5K_07.txt,1.072,1136.901,95.972,1.063,1235.455,15359375000,84.437,1422352,1422416,5000,4047.094,0.247091,256,true,
5000,Paillier,benchmarks_data\5K\5K_08.txt,1.371,1155.382,98.482,1.257,1257.071,15078125000,81.565,1422584,1422648,5000,3977.499,0.251414,256,true,
5000,Paillier,benchmarks_data\5K\5K_09.txt,1.176,1241.052,83.484,1.103,1327.284,15546875000,78.295,1422800,1422864,5000,3767.090,0.265457,256,true,
5000,Paillier,benchmarks_data\5K\5K_10.txt,1.158,1164.689,94.674,1.022,1262.067,15515625000,83.261,1423024,1423088,5000,3961.755,0.252413,256,true,
5000,Paillier,benchmarks_data\5K\5K_11.txt,1.060,1151.649,117.658,1.822,1272.661,16187500000,87.850,1423256,1423320,5000,3928.777,0.254532,256,true,
5000,Paillier,benchmarks_data\5K\5K_12.txt,1.497,1236.874,96.988,1.293,1337.211,16062500000,81.165,1423496,1423560,5000,3739.125,0.267442,256,true,
5000,Paillier,benchmarks_data\5K\5K_13.txt,1.310,1345.268,123.223,1.493,1471.958,16890625000,78.472,1423728,1423792,5000,3396.836,0.294392,256,true,
5000,Paillier,benchmarks_data\5K\5K_14.txt,1.569,1525.809,121.271,1.531,1650.739,20359375000,83.396,1423944,1424008,5000,3028.946,0.330148,256,true,
5000,Paillier,benchmarks_data\5K\5K_15.txt,1.519,1498.104,126.434,1.548,1628.181,20250000000,84.482,1424176,1424240,5000,3070.911,0.325636,256,true,
5000,Paillier,benchmarks_data\5K\5K_16.txt,1.632,1527.697,155.001,1.371,1686.359,20437500000,83.612,1424392,1424456,5000,2964.968,0.337272,256,true,
5000,Paillier,benchmarks_data\5K\5K_17.txt,1.406,1488.335,137.757,1.598,1629.752,19906250000,83.593,1424648,1424712,5000,3067.951,0.325950,256,true,
5000,Paillier,benchmarks_data\5K\5K_18.txt,1.551,1571.973,117.878,1.558,1693.550,20437500000,81.257,1424864,1424928,5000,2952.378,0.338710,256,true,
5000,Paillier,benchmarks_data\5K\5K_19.txt,1.777,1629.367,119.839,1.526,1753.225,20656250000,79.234,1425088,1425152,5000,2851.887,0.350645,256,true,
5000,Paillier,benchmarks_data\5K\5K_20.txt,1.528,1441.824,130.176,1.578,1575.665,19906250000,86.289,1425320,1425384,5000,3173.264,0.315133,256,true,
5000,Paillier,benchmarks_data\5K\5K_21.txt,1.590,1478.885,137.154,1.425,1619.631,20031250000,84.655,1425536,1425600,5000,3087.124,0.323926,256,true,
5000,Paillier,benchmarks_data\5K\5K_22.txt,1.454,1477.897,134.168,1.381,1615.433,19718750000,83.390,1425760,1425824,5000,3095.145,0.323087,256,true,
5000,Paillier,benchmarks_data\5K\5K_23.txt,1.553,1427.947,133.682,1.447,1565.294,19187500000,83.982,1426040,1426104,5000,3194.289,0.313059,256,true,
5000,Paillier,benchmarks_data\5K\5K_24.txt,1.474,1499.468,138.079,1.361,1640.951,19453125000,81.083,1426312,1426376,5000,3047.014,0.328190,256,true,
5000,Paillier,benchmarks_data\5K\5K_25.txt,1.593,1461.182,163.288,1.361,1628.003,19406250000,83.007,1426592,1426656,5000,3071.247,0.325601,256,true,
5000,ElGamal,benchmarks_data\5K\5K_01.txt,1.299,47.124,30.835,0.083,79.835,15625000,2.072,1426896,1426960,5000,62629.173,0.015967,8,true,
5000,ElGamal,benchmarks_data\5K\5K_02.txt,1.297,45.050,25.490,0.038,72.345,0,0.000,1427136,1427200,5000,69113.086,0.014469,8,true,
5000,ElGamal,benchmarks_data\5K\5K_03.txt,1.151,46.191,15.253,0.035,63.065,0,0.000,1427328,1427392,5000,79283.908,0.012613,8,true,
5000,ElGamal,benchmarks_data\5K\5K_04.txt,1.018,33.658,13.289,0.036,48.761,62500000,11.606,1427520,1427584,5000,102541.175,0.009752,8,true,
5000,ElGamal,benchmarks_data\5K\5K_05.txt,1.194,28.920,17.238,0.040,47.890,15625000,3.377,1427720,1427784,5000,104405.494,0.009578,8,true,
5000,ElGamal,benchmarks_data\5K\5K_06.txt,0.937,41.355,22.974,0.033,65.855,0,0.000,1427912,1427976,5000,75924.033,0.013171,8,true,
5000,ElGamal,benchmarks_data\5K\5K_07.txt,1.111,40.088,28.462,0.073,70.183,78125000,12.180,1428096,1428160,5000,71242.628,0.014037,8,true,
5000,ElGamal,benchmarks_data\5K\5K_08.txt,0.841,32.249,22.984,0.036,56.555,78125000,15.141,1428296,1428360,5000,88409.826,0.011311,8,true,
5000,ElGamal,benchmarks_data\5K\5K_09.txt,1.125,40.449,22.282,0.036,64.410,46875000,7.243,1428480,1428544,5000,77628.059,0.012882,8,true,
5000,ElGamal,benchmarks_data\5K\5K_10.txt,0.937,41.842,24.345,0.032,67.815,93750000,14.004,1428680,1428744,5000,73729.675,0.013563,8,true,
5000,ElGamal,benchmarks_data\5K\5K_11.txt,1.133,44.066,14.293,0.038,60.073,78125000,11.081,1428872,1428936,5000,83231.791,0.012015,8,true,
5000,ElGamal,benchmarks_data\5K\5K_12.txt,0.818,28.723,13.949,0.039,44.008,93750000,20.400,1429080,1429144,5000,113614.674,0.008802,8,true,
5000,ElGamal,benchmarks_data\5K\5K_13.txt,1.060,40.408,24.576,0.038,66.534,93750000,14.501,1429272,1429336,5000,75149.886,0.013307,8,true,
5000,ElGamal,benchmarks_data\5K\5K_14.txt,1.038,34.080,26.745,0.040,62.321,78125000,14.328,1429464,1429528,5000,80230.164,0.012464,8,true,
5000,ElGamal,benchmarks_data\5K\5K_15.txt,0.924,42.460,26.606,0.035,70.524,125000000,18.400,1429656,1429720,5000,70897.750,0.014105,8,true,
5000,ElGamal,benchmarks_data\5K\5K_16.txt,1.424,41.584,27.097,0.038,70.764,78125000,11.742,1429856,1429920,5000,70657.596,0.014153,8,true,
5000,ElGamal,benchmarks_data\5K\5K_17.txt,0.826,46.398,21.476,0.048,69.207,93750000,12.628,1430064,1430128,5000,72246.818,0.013841,8,true,
5000,ElGamal,benchmarks_data\5K\5K_18.txt,1.416,41.406,16.945,0.038,60.359,15625000,2.358,1430256,1430320,5000,82837.551,0.012072,8,true,
5000,ElGamal,benchmarks_data\5K\5K_19.txt,0.864,29.032,11.796,0.039,42.197,15625000,3.364,1430456,1430520,5000,118493.240,0.008439,8,true,
5000,ElGamal,benchmarks_data\5K\5K_20.txt,0.983,32.646,29.146,0.035,63.282,93750000,17.948,1430640,1430704,5000,79010.910,0.012656,8,true,
5000,ElGamal,benchmarks_data\5K\5K_21.txt,1.006,40.361,15.090,0.036,56.967,78125000,12.098,1430832,1430896,5000,87770.883,0.011393,8,true,
5000,ElGamal,benchmarks_data\5K\5K_22.txt,0.848,41.878,25.336,0.041,68.546,15625000,2.332,1431024,1431088,5000,72943.929,0.013709,8,true,
5000,ElGamal,benchmarks_data\5K\5K_23.txt,1.025,23.795,27.806,0.075,53.277,15625000,4.104,1431216,1431280,5000,93849.304,0.010655,8,true,
5000,ElGamal,benchmarks_data\5K\5K_24.txt,0.794,25.646,22.290,0.037,49.220,109375000,26.655,1431464,1431528,5000,101585.547,0.009844,8,true,
5000,ElGamal,benchmarks_data\5K\5K_25.txt,1.058,40.193,22.524,0.036,64.288,0,0.000,1431656,1431720,5000,77775.254,0.012858,8,true,
50000,Paillier,benchmarks_data\50K\50K_01.txt,7.353,14280.252,753.165,1.003,15042.214,201812500000,88.327,1433848,1433776,50000,3323.979,0.300844,256,true,
50000,Paillier,benchmarks_data\50K\50K_02.txt,7.591,14182.195,743.287,1.144,14935.281,201359375000,88.738,1434104,1434176,50000,3347.778,0.298706,256,true,
50000,Paillier,benchmarks_data\50K\50K_03.txt,7.088,14166.487,750.046,1.158,14925.288,202062500000,89.146,1434336,1434408,50000,3350.019,0.298506,256,true,
50000,Paillier,benchmarks_data\50K\50K_04.txt,8.145,14007.318,743.003,1.182,14760.410,200906250000,89.643,1434568,1434640,50000,3387.440,0.295208,256,true,
50000,Paillier,benchmarks_data\50K\50K_05.txt,6.571,14283.658,750.598,1.058,15042.344,200750000000,87.841,1434792,1434864,50000,3323.950,0.300847,256,true,
50000,Paillier,benchmarks_data\50K\50K_06.txt,7.125,14148.073,768.827,1.109,14925.671,200640625000,88.634,1435032,1435104,50000,3349.933,0.298513,256,true,
50000,Paillier,benchmarks_data\50K\50K_07.txt,7.176,14156.239,729.683,1.146,14894.692,201625000000,89.018,1435256,1435328,50000,3356.900,0.297894,257,true,
50000,Paillier,benchmarks_data\50K\50K_08.txt,7.252,14037.694,740.947,1.172,14787.614,200968750000,89.477,1435744,1435880,50000,3381.208,0.295752,256,true,
50000,Paillier,benchmarks_data\50K\50K_09.txt,7.108,14053.381,756.810,1.165,14818.998,200328125000,89.092,1436040,1436112,50000,3374.047,0.296380,256,true,
50000,Paillier,benchmarks_data\50K\50K_10.txt,7.009,14086.749,729.817,2.071,14826.058,201078125000,89.214,1436272,1436344,50000,3372.441,0.296521,256,true,
50000,Paillier,benchmarks_data\50K\50K_11.txt,7.055,14097.678,757.527,1.042,14863.711,201968750000,89.540,1436504,1436576,50000,3363.898,0.297274,256,true,
50000,Paillier,benchmarks_data\50K\50K_12.txt,7.427,14000.803,745.661,1.168,14755.505,201546875000,89.971,1436768,1436840,50000,3388.566,0.295110,256,true,
50000,Paillier,benchmarks_data\50K\50K_13.txt,6.607,14115.744,743.213,1.234,14867.254,202359375000,89.598,1436992,1437064,50000,3363.096,0.297345,256,true,
50000,Paillier,benchmarks_data\50K\50K_14.txt,7.132,14012.479,732.699,1.060,14753.822,200578125000,89.464,1437224,1437296,50000,3388.952,0.295076,256,true,
50000,Paillier,benchmarks_data\50K\50K_15.txt,6.670,14154.351,747.724,1.109,14910.416,201921875000,89.161,1437464,1437536,50000,3353.361,0.298208,257,true,
50000,Paillier,benchmarks_data\50K\50K_16.txt,7.003,14342.391,735.150,1.141,15086.111,200500000000,87.372,1437752,1437824,50000,3314.307,0.301722,256,true,
50000,Paillier,benchmarks_data\50K\50K_17.txt,8.900,14331.354,738.415,1.170,15080.326,202000000000,88.094,1438000,1438072,50000,3315.578,0.301607,256,true,
50000,Paillier,benchmarks_data\50K\50K_18.txt,7.045,14130.168,743.032,1.219,14881.888,200718750000,88.781,1438232,1438304,50000,3359.789,0.297638,256,true,
50000,Paillier,benchmarks_data\50K\50K_19.txt,7.126,14040.148,699.319,1.035,14748.047,201250000000,89.587,1438472,1438544,50000,3390.279,0.294961,256,true,
50000,Paillier,benchmarks_data\50K\50K_20.txt,7.269,14149.269,721.547,1.229,14879.785,200890625000,88.737,1438696,1438768,50000,3360.264,0.297596,256,true,
50000,Paillier,benchmarks_data\50K\50K_21.txt,7.601,15439.200,909.632,1.424,16358.297,201796875000,81.690,1438936,1439008,50000,3056.553,0.327166,257,true,
50000,Paillier,benchmarks_data\50K\50K_22.txt,11.926,15083.747,849.668,1.185,15947.182,207015625000,85.778,1439160,1439232,50000,3135.350,0.318944,256,true,
50000,Paillier,benchmarks_data\50K\50K_23.txt,7.374,14615.696,793.762,1.214,15418.540,204843750000,87.596,1439392,1439464,50000,3242.849,0.308371,256,true,
50000,Paillier,benchmarks_data\50K\50K_24.txt,8.080,14879.686,761.292,1.108,15650.632,206093750000,86.567,1439680,1439752,50000,3194.759,0.313013,256,true,
50000,Paillier,benchmarks_data\50K\50K_25.txt,9.312,15055.521,856.720,1.165,15923.278,206390625000,85.679,1439904,1439976,50000,3140.057,0.318466,256,true,
50000,ElGamal,benchmarks_data\50K\50K_01.txt,8.292,150.727,47.687,0.067,207.513,531250000,22.029,1440304,1440368,50000,240949.224,0.004150,8,true,
50000,ElGamal,benchmarks_data\50K\50K_02.txt,7.384,152.331,39.556,0.038,199.894,484375000,19.873,1440552,1440616,50000,250133.071,0.003998,8,true,
50000,ElGamal,benchmarks_data\50K\50K_03.txt,7.669,122.715,44.651,0.046,175.785,437500000,22.282,1440744,1440808,50000,284439.185,0.003516,8,true,
50000,ElGamal,benchmarks_data\50K\50K_04.txt,7.443,200.167,37.041,0.038,245.292,468750000,14.636,1440936,1441000,50000,203838.607,0.004906,8,true,
50000,ElGamal,benchmarks_data\50K\50K_05.txt,7.870,151.110,43.028,0.056,202.633,453125000,18.741,1441128,1441192,50000,246751.516,0.004053,8,true,
50000,ElGamal,benchmarks_data\50K\50K_06.txt,20.865,174.080,48.320,0.041,243.872,562500000,20.195,1441320,1441384,50000,205025.755,0.004877,8,true,
50000,ElGamal,benchmarks_data\50K\50K_07.txt,8.527,188.192,41.729,0.039,239.044,531250000,17.643,1441504,1441568,50000,209166.688,0.004781,8,true,
50000,ElGamal,benchmarks_data\50K\50K_08.txt,7.289,162.439,41.558,0.041,211.902,468750000,18.036,1441696,1441760,50000,235957.686,0.004238,8,true,
50000,ElGamal,benchmarks_data\50K\50K_09.txt,7.610,162.456,55.159,0.042,225.806,437500000,16.831,1441896,1441960,50000,221429.505,0.004516,8,true,
50000,ElGamal,benchmarks_data\50K\50K_10.txt,12.445,151.713,44.210,0.041,209.120,468750000,19.311,1442080,1442144,50000,239096.826,0.004182,8,true,
50000,ElGamal,benchmarks_data\50K\50K_11.txt,13.262,180.087,41.921,0.042,235.859,468750000,16.268,1442280,1442344,50000,211991.152,0.004717,8,true,
50000,ElGamal,benchmarks_data\50K\50K_12.txt,11.951,175.336,44.843,0.041,232.844,625000000,22.279,1442496,1442560,50000,214736.046,0.004657,8,true,
50000,ElGamal,benchmarks_data\50K\50K_13.txt,19.977,134.582,35.804,0.039,191.039,468750000,21.769,1442680,1442744,50000,261726.115,0.003821,8,true,
50000,ElGamal,benchmarks_data\50K\50K_14.txt,11.996,140.400,45.124,0.039,198.131,453125000,20.171,1442880,1442944,50000,252358.543,0.003963,8,true,
50000,ElGamal,benchmarks_data\50K\50K_15.txt,8.274,141.343,34.216,0.041,184.423,375000000,16.582,1443072,1443136,50000,271116.153,0.003688,8,true,
50000,ElGamal,benchmarks_data\50K\50K_16.txt,13.096,143.832,45.852,0.041,203.396,484375000,21.048,1443360,1443424,50000,245826.360,0.004068,8,true,
50000,ElGamal,benchmarks_data\50K\50K_17.txt,7.425,151.219,49.829,0.056,209.106,375000000,15.499,1443568,1443632,50000,239113.749,0.004182,8,true,
50000,ElGamal,benchmarks_data\50K\50K_18.txt,10.251,136.032,33.588,0.038,180.839,406250000,18.665,1443760,1443824,50000,276489.490,0.003617,8,true,
50000,ElGamal,benchmarks_data\50K\50K_19.txt,8.003,142.051,36.307,0.041,186.919,453125000,19.937,1443952,1444016,50000,267495.546,0.003738,8,true,
50000,ElGamal,benchmarks_data\50K\50K_20.txt,9.770,152.765,40.308,0.039,203.415,421875000,17.260,1444152,1444216,50000,245803.157,0.004068,8,true,
50000,ElGamal,benchmarks_data\50K\50K_21.txt,8.525,150.058,38.219,0.042,197.404,406250000,16.921,1444336,1445184,50000,253288.316,0.003948,8,true,
50000,ElGamal,benchmarks_data\50K\50K_22.txt,33.066,147.602,44.538,0.040,225.771,390625000,16.541,1445312,1445376,50000,221462.949,0.004515,8,true,
50000,ElGamal,benchmarks_data\50K\50K_23.txt,12.830,148.982,38.641,0.039,200.998,453125000,19.009,1445504,1446112,50000,248758.323,0.004020,8,true,
50000,ElGamal,benchmarks_data\50K\50K_24.txt,7.336,143.526,38.833,0.044,190.353,453125000,19.732,1446296,1446360,50000,262670.296,0.003807,8,true,
50000,ElGamal,benchmarks_data\50K\50K_25.txt,9.475,139.034,34.660,0.041,184.091,406250000,18.262,1446480,1446544,50000,271604.509,0.003682,8,true,
500000,Paillier,benchmarks_data\500K\500K_01.txt,79.609,148297.362,8009.897,1.236,156389.109,2084328125000,87.844,1445472,1445400,500000,3197.154,0.312778,256,true,
500000,Paillier,benchmarks_data\500K\500K_02.txt,71.258,146547.639,7974.015,1.188,154594.865,2070390625000,88.299,1445720,1445792,500000,3234.260,0.309190,256,true,
500000,Paillier,benchmarks_data\500K\500K_03.txt,90.507,147238.582,7729.060,1.168,155059.808,2059687500000,87.430,1445952,1446024,500000,3224.562,0.310120,256,true,
500000,Paillier,benchmarks_data\500K\500K_04.txt,129.440,145316.201,7677.979,1.151,153125.436,2071875000000,89.111,1446192,1446264,500000,3265.297,0.306251,256,true,
500000,Paillier,benchmarks_data\500K\500K_05.txt,104.326,147350.608,7649.931,1.239,155107.117,2051140625000,87.001,1446424,1446496,500000,3223.579,0.310214,256,true,
500000,Paillier,benchmarks_data\500K\500K_06.txt,58.688,154565.019,7940.849,1.214,162566.300,2140390625000,86.549,1446656,1446728,500000,3075.668,0.325133,256,true,
